{
    "CLI_version": "4.5.1",
    "branch": "certora",
    "conf": {
        "commit_sha1": "abb145536dc82c0da26e34b18b2dd9ee041720dc",
        "files": [
            "certora/harness/RewardsControllerHarness.sol:RewardsControllerHarness",
            "certora/harness/rewards/TransferStrategyMultiRewardHarness.sol",
            "certora/harness/tokens/DummyERC20_AToken.sol",
            "certora/harness/tokens/DummyERC20_rewardToken.sol",
            "certora/harness/tokens/DummyERC20_rewardTokenB.sol"
        ],
        "loop_iter": "2",
        "msg": "claimAllRewardsToSelf",
        "optimistic_loop": true,
        "process": "emv",
        "prover_args": [
            "-depth 20"
        ],
        "rule": [
            "claimAllRewardsToSelf"
        ],
        "rule_sanity": "basic",
        "smt_timeout": "500",
        "verify": "RewardsControllerHarness:certora/specs/RewardsController_multiReward_verified.spec"
    },
    "cwd_relative": ".",
    "dirty": true,
    "origin": "https://github.com/himanshu-Bhatt/aave-v3-periphery_final.git",
    "raw_args": [
        "/home/himanshu/.local/bin/certoraRun",
        "certora/conf/verifyRewardsController_multiReward_verified.conf",
        "--rule",
        "claimAllRewardsToSelf",
        "--msg",
        "claimAllRewardsToSelf"
    ],
    "revision": "0574c7fb5db7027a5e6f210dca542e59f704d799",
    "timestamp": "1691588088.009931"
}